Customer ID,First Name,Last Name,Gender,Location,Date of Birth
1,Megan,Martinez,Female,Tennessee,18-02-1995
2,Katherine,Stephenson,Female,Georgia,16-03-2000
3,Robert,Williams,Male,Missouri,05-09-1997
4,Jonathan,Scott,Female,Washington,21-02-1954
5,William,Fox,Female,North Carolina,07-03-1975
6,Richard,Perkins,Female,California,10-04-1984
7,Kristen,Foster,Female,New York,01-12-1990
8,Kevin,Garcia,Female,North Carolina,24-12-2003
9,Thomas,King,Female,Texas,30-06-2000
10,Brandy,Campbell,Male,California,19-12-1986
11,Rebecca,Fischer,Male,North Carolina,22-08-1985
12,William,Stout,Female,Washington,08-09-1958
13,Juan,Larson,Male,Indiana,24-09-1956
14,Katelyn,Johnson,Male,Maryland,29-08-1989
15,Christine,Sparks,Female,Washington,25-07-1980
16,John,Torres,Male,Massachusetts,22-01-1971
17,Renee,Morgan,Female,New York,07-02-1955
18,Tonya,Moreno,Male,North Carolina,23-04-1997
19,Lisa,Wright,Male,Virginia,25-04-1988
20,Rachel,Mora,Female,Michigan,23-09-1959
21,Kyle,Martin,Female,Ohio,30-08-1958
22,Jessica,Perry,Male,Wisconsin,30-11-1975
23,Rachel,Roberts,Female,Florida,11-08-1977
24,Gabriella,Meyer,Female,Texas,30-11-1959
25,Thomas,Berry,Female,Florida,16-04-1985
26,Craig,Burton,Male,North Carolina,18-06-1955
27,Ryan,Schmidt,Female,Michigan,17-09-1963
28,Cheryl,Jenkins,Female,Missouri,14-05-1988
29,Robin,Walters,Female,New Jersey,12-10-1995
30,Tammy,Powell,Male,New York,30-09-1972
31,Thomas,Osborne,Male,Indiana,19-09-1955
32,Michelle,French,Male,Georgia,06-04-1953
33,Jorge,Carter,Female,Illinois,05-11-1978
34,Linda,Watson,Male,Florida,11-03-1976
35,Ana,Fuller,Female,Arizona,20-11-1963
36,Alexis,Moore,Female,Michigan,10-07-1990
37,Jennifer,Terry,Male,Michigan,28-07-2000
38,Raymond,James,Female,Indiana,17-03-1963
39,Mallory,Garza,Male,Pennsylvania,20-02-1964
40,Elizabeth,Taylor,Male,Maryland,04-02-1965
41,Aaron,Barnett,Male,Indiana,12-01-1964
42,Tristan,Gomez,Male,Ohio,09-10-1996
43,Mikayla,Kennedy,Male,Missouri,23-06-1999
44,John,Perry,Female,New York,20-09-1969
45,Mark,Woods,Male,Arizona,22-09-1995
46,Monica,Neal,Male,Missouri,21-07-1975
47,James,Flores,Female,Washington,01-11-1954
48,Ashley,Pearson,Female,North Carolina,27-01-1986
49,John,Brown,Male,Michigan,20-10-1995
50,Tammy,Evans,Female,Massachusetts,19-05-1999
51,Linda,Mcgee,Female,Virginia,20-04-1980
52,Seth,Williams,Male,Maryland,20-03-1956
53,Christopher,Howell,Female,Pennsylvania,14-08-1968
54,Luke,Johnson,Male,Illinois,25-07-1969
55,William,Ruiz,Female,New York,20-06-1996
56,Sarah,Oneal,Female,New York,16-05-1972
57,Daniel,Smith,Male,Washington,28-07-1975
58,Andrea,Rose,Female,Washington,12-10-1964
59,Jasmine,Jones,Female,Maryland,03-06-1969
60,Amy,Camacho,Male,Massachusetts,04-03-1977
61,Lisa,Parks,Female,Pennsylvania,05-08-1968
62,Amber,Harmon,Male,Missouri,06-05-1964
63,Tamara,Caldwell,Male,Michigan,04-11-1981
64,Carrie,Smith,Male,Virginia,17-09-1984
65,Briana,Williams,Male,Tennessee,07-12-1977
66,Sean,Oliver,Female,Arizona,08-09-1991
67,Caitlyn,Key,Female,Ohio,08-08-1962
68,Paul,Marks,Male,Tennessee,07-07-1979
69,Barbara,Lyons,Male,Tennessee,28-08-1991
70,Kelly,Acosta,Male,Indiana,30-08-2005
71,Jaime,Perez,Male,New Jersey,16-02-1954
72,Jacob,Walton,Male,Tennessee,31-03-1964
73,Chloe,Roberts,Male,Texas,05-12-1992
74,Diane,Garcia,Female,Massachusetts,06-08-1953
75,Thomas,Murray,Female,Michigan,16-12-1999
76,Christopher,Rivera,Male,Pennsylvania,30-09-1979
77,Katherine,Jackson,Male,Tennessee,07-02-2002
78,Nancy,Fisher,Female,Texas,30-11-1964
79,Sandra,Prince,Female,Wisconsin,06-05-1963
80,Megan,Graham,Female,Ohio,16-07-1954
81,Rachael,West,Female,California,04-12-1954
82,Sandra,Fletcher,Female,Virginia,20-03-1975
83,Amber,Warren,Male,Tennessee,04-12-1987
84,Peter,Anderson,Female,Washington,18-06-1953
85,Janet,Lozano,Male,California,24-10-1955
86,Joshua,Wallace,Female,Indiana,04-06-1956
87,Lisa,Clarke,Female,Florida,04-02-2006
88,Melissa,Price,Male,Florida,29-10-1960
89,Patty,Roman,Male,Washington,16-03-1992
90,Brittany,Price,Male,California,28-10-1994
91,Stephanie,Robinson,Female,Virginia,06-04-1963
92,Bethany,Gonzalez,Male,Texas,06-03-2006
93,Shannon,Bentley,Male,New York,20-08-1963
94,Donna,Willis,Female,Wisconsin,19-01-1999
95,Wendy,Williams,Male,California,23-01-1979
96,Sabrina,Price,Female,North Carolina,05-01-1955
97,Laura,Young,Female,Michigan,15-09-1981
98,Christopher,Miller,Male,Georgia,25-11-1982
99,Chloe,Lopez,Male,Pennsylvania,13-11-1991
100,Tom,Brown,Male,Maryland,04-12-1999
101,Crystal,Little,Male,Michigan,13-11-1975
102,Megan,Thompson,Male,Ohio,11-08-2001
103,John,Bishop,Male,New York,01-02-1970
104,Jessica,Salazar,Male,Arizona,04-08-1962
105,Dave,Bush,Male,Massachusetts,25-12-1977
106,Jeffrey,Hunt,Male,New Jersey,08-12-1987
107,Laura,Mitchell,Male,Washington,16-12-1967
108,Marvin,Rich,Female,Illinois,04-07-1989
109,Lisa,Gomez,Male,New Jersey,16-06-1980
110,Craig,Ellis,Female,Arizona,08-03-1958
111,Dustin,Welch,Male,Arizona,17-01-1962
112,Heidi,Black,Male,Pennsylvania,16-12-1980
113,Brandon,Huber,Male,Massachusetts,26-09-1991
114,Audrey,Blevins,Male,Pennsylvania,13-01-1998
115,Renee,Spears,Male,Indiana,26-01-1977
116,Amanda,Villa,Male,New Jersey,13-10-1959
117,Erin,Carpenter,Female,Pennsylvania,31-07-1982
118,Anthony,Henry,Male,Ohio,19-11-1982
119,Cynthia,Padilla,Male,Illinois,05-12-1969
120,Catherine,Lewis,Male,Massachusetts,10-04-1985
121,Barbara,Adams,Female,Virginia,11-03-1979
122,Peter,Williams,Male,Washington,11-07-1968
123,Mitchell,Martin,Female,Arizona,30-01-1980
124,Tina,Smith,Male,Tennessee,19-07-1969
125,Benjamin,Pena,Male,Washington,14-02-1997
126,Andrew,Taylor,Male,Georgia,15-12-1985
127,Susan,Buchanan,Female,Ohio,25-03-1980
128,Jackson,Becker,Female,Massachusetts,10-10-1992
129,David,Arellano,Female,Ohio,28-11-1957
130,Jason,Sanders,Male,Maryland,21-05-1970
131,Lauren,Morse,Male,Texas,26-12-1971
132,Sharon,Chavez,Female,Washington,17-01-1989
133,Andrew,Morgan,Male,Texas,07-07-1978
134,Ronald,Garcia,Male,Georgia,12-02-1990
135,Craig,Andrade,Female,Florida,10-09-1954
136,Jordan,Norton,Male,Illinois,26-04-1994
137,Jeffrey,Morris,Female,Virginia,31-10-1994
138,Deborah,Bryant,Female,Texas,04-07-1985
139,Michael,Nguyen,Female,Illinois,05-05-1969
140,Henry,Johnson,Male,Georgia,06-01-1972
141,William,Williams,Male,Wisconsin,15-12-1955
142,Benjamin,Wood,Male,Michigan,15-10-1994
143,Craig,Clark,Male,Wisconsin,04-02-1975
144,Vanessa,Warren,Male,Florida,21-10-1979
145,James,Lopez,Female,Indiana,26-10-1995
146,Michael,Harris,Female,Michigan,21-06-1960
147,Jessica,Chambers,Male,Virginia,01-08-1989
148,Mary,Fitzgerald,Female,Arizona,11-07-1956
149,Samantha,Collins,Male,Massachusetts,10-01-1963
150,Gary,Heath,Male,Texas,06-10-2001
151,Emily,Scott,Female,Indiana,01-12-1979
152,Tammy,Cooper,Female,Missouri,14-01-1955
153,Brian,Marquez,Female,Arizona,16-06-2005
154,Erica,Williams,Female,Maryland,12-11-1981
155,Megan,Villa,Female,Massachusetts,16-12-2002
156,Matthew,Jones,Female,Tennessee,18-12-1979
157,John,Murray,Male,North Carolina,04-09-1982
158,Candice,Hardy,Male,Tennessee,06-05-1960
159,Scott,Williams,Female,Ohio,29-09-2001
160,Gregory,Lamb,Male,New Jersey,24-07-1984
161,Thomas,Werner,Female,North Carolina,30-04-1994
162,Robert,Stevens,Male,Texas,25-08-1984
163,Ashley,Wilson,Female,Texas,12-03-1964
164,William,Miller,Male,Texas,02-10-1964
165,Larry,Garcia,Male,Illinois,20-05-1976
166,Michael,Cannon,Female,Virginia,29-06-1985
167,Mary,Gutierrez,Female,California,09-03-1981
168,John,Calhoun,Female,Michigan,13-01-1964
169,Ann,Alexander,Female,California,17-05-1993
170,Alexander,Jones,Male,Pennsylvania,08-07-1972
171,Judith,Simmons,Female,Florida,20-01-2005
172,Matthew,Fischer,Female,Arizona,25-06-1987
173,Brandon,Calderon,Female,Georgia,13-11-1960
174,Juan,Williams,Male,Wisconsin,10-04-1978
175,John,White,Male,Washington,19-09-1976
176,Stephanie,Burns,Male,Missouri,03-12-1962
177,Michael,Anderson,Female,Georgia,28-12-1995
178,Keith,Pitts,Male,Massachusetts,19-07-1977
179,Michael,Michael,Male,Ohio,07-05-2005
180,Stacey,Flores,Male,New Jersey,18-05-1985
181,Cynthia,Graham,Female,Wisconsin,07-02-1996
182,Christine,Hawkins,Female,New York,05-07-1988
183,Jennifer,Mitchell,Female,Wisconsin,25-06-2004
184,Paul,Weaver,Male,Florida,17-11-1956
185,Robert,Harris,Female,New Jersey,12-07-1966
186,Debra,Phillips,Female,New Jersey,29-09-1970
187,Aaron,Ramos,Male,Missouri,01-04-1965
188,James,Jacobs,Male,Massachusetts,11-06-2002
189,Matthew,Herrera,Female,New Jersey,06-12-1992
190,John,Green,Male,North Carolina,22-04-1975
191,Dana,Hall,Female,California,11-05-1973
192,Nicholas,Wilson,Male,Indiana,29-01-1979
193,Nancy,Logan,Female,Texas,20-05-1996
194,Ashley,Garcia,Female,Ohio,13-01-1956
195,Robert,Quinn,Male,Virginia,08-01-1973
196,Richard,Wright,Male,Florida,26-09-1990
197,Jacqueline,Mitchell,Female,Ohio,22-07-1982
198,Robert,Fitzgerald,Female,Indiana,03-08-1955
199,Eileen,Keller,Female,Virginia,21-08-1999
200,Brandon,Harmon,Female,Ohio,24-02-1981
201,Sean,Robertson,Male,Ohio,10-07-1971
202,Jonathon,Trevino,Female,North Carolina,28-09-1978
203,Eric,Martinez,Male,Michigan,29-09-2002
204,Allison,Brewer,Male,Michigan,19-05-1967
205,Tony,Wilson,Male,Indiana,25-10-1976
206,Anna,Mclaughlin,Male,Washington,05-05-1962
207,Karla,Howard,Female,North Carolina,16-03-1962
208,Nicole,Leonard,Female,Tennessee,19-09-1960
209,Troy,Warner,Female,Virginia,08-12-1994
210,Larry,Guerrero,Male,Georgia,03-07-1977
211,Steven,Walker,Male,Texas,28-06-1964
212,Lisa,Decker,Male,Michigan,04-05-1955
213,Nancy,Allen,Male,Missouri,07-07-1982
214,Lisa,Holmes,Male,Florida,15-06-1992
215,Jacob,Leonard,Male,California,28-04-1980
216,Yvonne,Hall,Male,Massachusetts,02-10-1984
217,Cynthia,Fuller,Male,Tennessee,25-05-1958
218,Christopher,Mitchell,Female,Massachusetts,22-11-1996
219,Jessica,Jackson,Female,Texas,31-07-2001
220,Valerie,Pacheco,Male,Arizona,29-04-2001
221,Richard,Tran,Male,Tennessee,17-07-1999
222,Erika,Murphy,Female,Massachusetts,05-07-1958
223,Leslie,Richards,Female,Massachusetts,21-02-2006
224,Jason,Johnson,Male,New York,01-03-1982
225,Jennifer,Anderson,Male,Florida,17-04-1990
226,Aaron,Foster,Female,Florida,19-08-2002
227,Mackenzie,Daugherty,Female,Georgia,27-11-1990
228,Allison,Dixon,Male,New York,16-08-1962
229,Connor,Jones,Female,Pennsylvania,23-09-1964
230,David,Hubbard,Male,Arizona,16-08-1963
231,Debra,Harrington,Female,Ohio,01-05-1967
232,Morgan,Hampton,Male,Massachusetts,27-05-1964
233,Joshua,Hudson,Male,Wisconsin,29-09-1968
234,Tiffany,Dominguez,Female,Florida,27-03-1955
235,Craig,Lewis,Male,Arizona,16-12-1988
236,Melissa,Oconnor,Male,Missouri,09-06-1962
237,Randy,Cabrera,Male,Washington,06-10-1986
238,Christopher,Wolf,Male,Texas,03-07-1977
239,Joshua,Gomez,Female,Illinois,19-08-1995
240,Shawn,Garza,Female,Georgia,16-04-2003
241,Laura,Fuller,Female,Tennessee,24-10-1972
242,Michelle,Lester,Male,Georgia,19-12-2001
243,Dennis,Rodriguez,Female,Pennsylvania,08-01-1976
244,Abigail,Flowers,Female,North Carolina,09-10-1999
245,Debra,Fox,Female,Virginia,10-04-1961
246,Michael,Howard,Female,New Jersey,13-01-1981
247,Monica,Bryant,Male,Arizona,04-11-2005
248,Joshua,Smith,Male,New York,10-01-1971
249,Andrew,Robinson,Female,Missouri,27-12-1963
250,Billy,Delgado,Female,Michigan,08-07-1976
251,Erin,Guerrero,Male,Wisconsin,12-12-1995
252,Angela,Simpson,Male,Missouri,06-05-1987
253,Stacey,Ashley,Male,Ohio,16-10-1975
254,Sheena,Castillo,Female,Michigan,29-06-1989
255,Renee,Edwards,Female,Massachusetts,08-07-2000
256,Bobby,Abbott,Female,Indiana,19-01-1963
257,Kara,Green,Female,Wisconsin,22-10-1978
258,Jacqueline,Munoz,Male,Massachusetts,22-07-2003
259,Diana,Warner,Female,Missouri,29-10-2003
260,Jennifer,Underwood,Male,North Carolina,05-01-1991
261,Raven,Floyd,Male,North Carolina,25-12-1973
262,Danielle,Cruz,Female,Georgia,04-03-1969
263,Nathan,Brown,Male,California,22-12-1978
264,Amanda,Johnson,Male,New York,16-10-1976
265,Jared,Barber,Female,Wisconsin,09-10-1979
266,Brenda,Nixon,Female,New York,13-04-1985
267,Alan,Cooper,Female,Illinois,09-01-1988
268,Edward,Alexander,Male,Arizona,17-01-1974
269,Mathew,Swanson,Female,Georgia,13-02-1981
270,Kristine,Barrett,Male,Ohio,10-11-1980
271,Jennifer,Green,Female,Michigan,11-11-1959
272,Matthew,Powers,Male,California,20-09-1999
273,Christine,Torres,Male,Missouri,11-09-1963
274,Blake,Kelly,Female,Indiana,05-04-1963
275,Frank,Ryan,Male,Arizona,19-07-1953
276,Tina,Oconnor,Male,Texas,01-12-1992
277,Keith,Hernandez,Female,New York,25-09-1993
278,Ralph,Johnson,Female,Washington,11-05-1996
279,Amy,Burton,Female,North Carolina,24-02-2001
280,Kelly,Johnson,Female,New York,27-05-1988
281,Timothy,Williams,Female,Maryland,24-06-1960
282,John,Perez,Male,Virginia,19-08-2000
283,Brandon,Valdez,Male,Georgia,07-04-1997
284,Hayden,Jones,Female,Missouri,18-09-2000
285,Alexandra,Brown,Female,Michigan,27-02-1967
286,Chad,Stanton,Female,Georgia,03-10-1993
287,Richard,Henderson,Female,Georgia,21-01-1997
288,Mark,Stafford,Male,Florida,03-04-1994
289,Robert,Robinson,Female,Indiana,25-02-1988
290,Cory,Graham,Male,Michigan,11-10-1960
291,Regina,Howard,Female,New Jersey,12-05-1971
292,Thomas,Thompson,Female,Georgia,25-01-2000
293,Mary,Murphy,Male,Virginia,07-01-2003
294,Theresa,Hatfield,Female,Tennessee,06-01-1995
295,Matthew,Burgess,Female,Michigan,08-09-1964
296,Timothy,Reyes,Male,Maryland,15-10-1978
297,Holly,Ortiz,Male,Illinois,09-01-1959
298,Ronald,Baker,Female,Pennsylvania,31-08-1955
299,Kevin,Schmidt,Male,California,04-12-1953
300,Jessica,Fitzgerald,Male,Missouri,24-01-1961
301,Patricia,Parks,Male,Indiana,09-11-1977
302,Samantha,Ford,Male,New Jersey,17-05-2002
303,Courtney,Williams,Male,Virginia,03-12-1985
304,Nicholas,Dorsey,Male,Maryland,16-11-1974
305,Terri,Ortiz,Female,California,27-07-1960
306,Danielle,Myers,Male,Pennsylvania,19-03-1999
307,Cameron,Smith,Male,Washington,06-01-1984
308,Christopher,Taylor,Female,Pennsylvania,30-04-1978
309,Kara,Melton,Female,Illinois,20-12-1992
310,Bruce,Palmer,Female,Indiana,15-08-2000
311,Alan,Oconnor,Female,Florida,28-06-1970
312,Phillip,Hernandez,Male,Pennsylvania,27-07-1998
313,April,Rivera,Female,Ohio,27-04-1986
314,Shane,Larsen,Male,Tennessee,31-12-2005
315,Tracy,Hoover,Female,Maryland,10-10-1968
316,Brenda,Wright,Male,Ohio,14-01-1964
317,Erin,Johnson,Female,Georgia,07-06-1991
318,Rodney,Drake,Male,Pennsylvania,01-10-1990
319,Micheal,Jackson,Female,Georgia,08-07-1958
320,Vanessa,French,Male,Washington,13-10-1987
321,Jose,Sutton,Female,Virginia,23-08-1964
322,Kimberly,Jackson,Male,Wisconsin,19-12-1954
323,Ryan,Miller,Male,Maryland,25-12-1996
324,Michael,Pennington,Male,Pennsylvania,25-07-1964
325,Caleb,Harper,Female,Tennessee,27-05-1988
326,Michelle,Oliver,Male,New York,14-01-1981
327,Jacqueline,Ellis,Male,Wisconsin,09-08-1994
328,Rebecca,Hernandez,Female,California,03-03-1998
329,Shannon,Guzman,Female,Indiana,16-05-1967
330,Erica,King,Female,Wisconsin,12-01-1983
331,David,Shaffer,Male,Virginia,26-05-2001
332,Raymond,Oconnor,Male,Tennessee,26-09-1999
333,Jared,Johnson,Male,Massachusetts,09-10-1980
334,Bobby,Randolph,Male,Michigan,09-03-1971
335,Stacy,Johnson,Male,California,27-08-1954
336,Jason,Davis,Male,Georgia,09-03-1993
337,Dustin,Carter,Female,Missouri,08-05-1962
338,James,Hernandez,Female,Illinois,19-08-1979
339,Nicholas,Young,Female,Tennessee,14-11-1964
340,Amy,Kelly,Male,Tennessee,22-03-1983
341,Edward,Moss,Male,Missouri,28-08-1991
342,Vanessa,Sullivan,Female,New Jersey,11-11-1956
343,Tonya,Nelson,Male,Florida,25-09-1978
344,Eddie,Vasquez,Female,North Carolina,13-02-1959
345,Richard,Long,Female,Pennsylvania,15-01-1997
346,Erin,Collins,Female,Wisconsin,29-03-1993
347,Natalie,Lester,Female,Washington,14-10-1980
348,Tyler,Pierce,Female,Ohio,23-12-1975
349,Sally,Madden,Female,New Jersey,27-01-1969
350,Marcus,Mejia,Male,Michigan,13-09-1987
351,Vernon,Duncan,Male,Washington,18-03-1984
352,Victor,Baker,Male,Texas,15-11-1955
353,Elizabeth,Mcdaniel,Female,Ohio,15-11-1985
354,James,Bryant,Female,Texas,28-05-1995
355,Chelsea,Griffith,Female,New Jersey,21-02-1960
356,Jeffery,Powell,Male,Georgia,01-07-1971
357,Matthew,Crawford,Male,New Jersey,30-09-1987
358,Sydney,Smith,Female,Massachusetts,29-07-1986
359,Rachel,Singh,Male,Georgia,11-09-1990
360,Lisa,Johnson,Female,North Carolina,07-02-1997
361,Austin,Becker,Female,Virginia,12-01-1980
362,Eddie,Perkins,Female,Illinois,18-05-1985
363,Jonathan,Parsons,Male,Michigan,08-04-1971
364,Kristen,Roberts,Male,California,13-07-1965
365,Megan,Parks,Male,Virginia,05-11-1968
366,Brandi,Clark,Male,Maryland,10-01-1990
367,Jennifer,Moreno,Male,Missouri,02-01-1978
368,Lindsay,Peterson,Male,Texas,26-01-1964
369,Carl,Good,Male,Pennsylvania,17-10-1973
370,Christopher,Bonilla,Female,Virginia,24-08-1994
371,Misty,Clark,Male,California,27-12-1962
372,Benjamin,Knight,Female,Tennessee,21-04-1984
373,Jeffrey,Rivera,Female,Texas,24-11-1957
374,Billy,Schmitt,Male,California,15-11-1957
375,Alexis,Middleton,Male,Georgia,30-09-1985
376,Megan,Willis,Female,Texas,22-12-1979
377,Mark,Cortez,Female,California,26-09-1991
378,Eugene,Maldonado,Female,Georgia,10-02-1981
379,Eduardo,Gomez,Male,New Jersey,21-01-1991
380,Diana,Hendricks,Male,Florida,28-06-1959
381,Tanya,Lam,Male,Texas,13-04-1971
382,William,Rivera,Female,Virginia,12-01-1986
383,Rachel,Burgess,Male,Arizona,02-11-1968
384,Wayne,Smith,Female,Pennsylvania,03-10-1960
385,Audrey,Velasquez,Female,Ohio,27-05-1973
386,Erika,Cunningham,Female,Massachusetts,24-10-1962
387,Linda,Farley,Female,Arizona,03-09-1977
388,Katherine,Cox,Male,Pennsylvania,15-08-1959
389,Vicki,Garrett,Male,Virginia,24-08-1962
390,Julie,Morris,Male,Michigan,07-01-1998
391,Rebecca,Patton,Male,Illinois,26-01-1957
392,Jamie,Burke,Female,New Jersey,03-07-1998
393,Amanda,Archer,Female,Arizona,10-07-1962
394,Carmen,Smith,Female,Washington,14-02-1993
395,Margaret,Taylor,Male,California,27-03-1991
396,Timothy,Williams,Female,Arizona,20-09-1966
397,Kylie,Martinez,Female,North Carolina,10-09-1953
398,Paul,Noble,Female,Missouri,18-06-1955
399,Brenda,Fry,Female,Missouri,23-09-1980
400,Melissa,Castillo,Female,Massachusetts,16-03-1991
401,Lauren,Arroyo,Female,Texas,31-10-2000
402,Diane,Cardenas,Male,Maryland,12-08-2004
403,Aaron,Osborne,Male,New York,27-02-1994
404,Hunter,Burgess,Male,Arizona,31-07-1986
405,William,Lopez,Male,Washington,22-10-2001
406,Jonathan,Dunn,Female,Illinois,12-03-2000
407,Cameron,Coleman,Female,California,30-06-1960
408,Michelle,Dodson,Male,Indiana,25-05-1985
409,Sherri,Thompson,Male,Pennsylvania,16-04-1991
410,Kevin,Jackson,Female,Wisconsin,04-11-1976
411,Ricky,Hopkins,Female,Indiana,22-07-1976
412,Lisa,Moore,Male,Pennsylvania,07-11-1959
413,Bryan,Rodriguez,Female,Florida,17-11-1999
414,Danielle,Gordon,Male,New Jersey,24-07-1953
415,David,Hogan,Male,Georgia,29-08-1969
416,Justin,Jacobs,Female,Illinois,20-08-1968
417,Maria,Fischer,Female,Georgia,31-01-1987
418,Brian,Baker,Male,California,30-05-1974
419,Barry,Mitchell,Female,Illinois,21-11-1971
420,Robert,Patterson,Female,Missouri,30-06-1968
421,Travis,Ewing,Female,Illinois,28-10-1953
422,Michelle,Robbins,Male,Florida,09-12-1986
423,Jennifer,Shah,Male,Arizona,12-05-1977
424,Emily,Medina,Female,Wisconsin,06-11-1987
425,Edward,Spencer,Male,New York,29-05-1976
426,Valerie,Branch,Male,Wisconsin,14-06-1959
427,Robert,Lee,Male,Massachusetts,27-06-1958
428,Cheryl,Patton,Male,Pennsylvania,13-12-1973
429,Paul,Moody,Female,Wisconsin,01-04-1992
430,Brandon,Kirk,Male,Wisconsin,13-12-1981
431,Thomas,Brady,Female,Texas,10-08-1968
432,Edward,Moore,Male,North Carolina,02-07-2003
433,Antonio,Guerrero,Female,New Jersey,22-03-1978
434,Christina,Bradshaw,Female,Washington,24-02-1979
435,Crystal,Elliott,Male,California,21-10-2004
436,Daniel,Ward,Male,Texas,10-02-1963
437,Andrea,Herring,Female,Tennessee,22-12-1968
438,Michael,Hoffman,Female,Florida,20-10-1972
439,Patrick,Jenkins,Male,Virginia,10-10-1966
440,Kimberly,Mendez,Female,Michigan,25-09-2003
441,Tracy,Brock,Male,Pennsylvania,13-01-2006
442,Nicole,Perez,Female,Massachusetts,14-12-1985
443,Chelsea,Smith,Female,Georgia,15-02-1998
444,Tanner,Rice,Male,Indiana,27-08-1977
445,Cynthia,Pugh,Male,Virginia,18-06-1972
446,Matthew,Frazier,Male,Illinois,14-05-1979
447,David,Mccoy,Female,Washington,20-11-1994
448,Felicia,Burton,Female,New Jersey,06-01-1962
449,Christy,Crawford,Female,North Carolina,12-03-2006
450,Kristina,Simon,Male,Tennessee,05-05-1961
451,David,Wright,Female,Washington,06-07-1980
452,Rhonda,Snow,Female,California,17-05-1977
453,Lauren,Hill,Male,Michigan,03-04-1987
454,Sabrina,Duffy,Male,Indiana,05-04-1985
455,Monique,House,Male,Michigan,09-10-1968
456,Erin,Miller,Female,Missouri,12-11-1997
457,Lisa,West,Female,Tennessee,24-06-2001
458,April,Manning,Male,Texas,29-08-1978
459,Kristen,Cole,Male,Missouri,25-03-1996
460,Jaime,Hicks,Male,Maryland,16-08-1977
461,Kimberly,Roman,Male,Missouri,09-08-1982
462,Sean,Bush,Female,North Carolina,03-02-1972
463,Katherine,Rubio,Female,Texas,28-08-1977
464,Stanley,Martin,Male,Massachusetts,28-06-1980
465,Kristine,Mclean,Male,Washington,05-06-2005
466,Charles,Reilly,Female,New York,11-05-2005
467,Bradley,Walters,Female,Washington,28-10-2001
468,Sarah,Shepard,Male,Virginia,23-06-1972
469,Todd,King,Male,Tennessee,17-05-1960
470,Rachel,Macias,Female,Texas,09-11-1985
471,Shirley,Ayala,Male,California,14-01-1973
472,Elizabeth,Lynch,Male,North Carolina,03-06-1961
473,Ashley,Davis,Female,Texas,25-07-1983
474,Jason,Johnson,Male,North Carolina,17-09-1963
475,Clayton,Smith,Male,Maryland,15-08-1976
476,Lori,King,Female,Michigan,14-10-1969
477,Pamela,Farmer,Female,Ohio,18-10-2003
478,Kimberly,Hughes,Female,Indiana,07-12-1965
479,Holly,Rowe,Male,Indiana,21-03-1976
480,Robert,Garrett,Female,New Jersey,11-03-1987
481,Kevin,Price,Female,Washington,10-10-1968
482,Daniel,Beard,Female,North Carolina,11-09-1960
483,Ronald,Johnson,Male,Ohio,24-07-1999
484,Ashlee,Marshall,Female,New York,04-05-1979
485,Sandra,Gallegos,Male,Maryland,31-08-1979
486,Shari,Martinez,Male,New Jersey,04-11-1984
487,Robert,Page,Female,Georgia,27-02-1988
488,Cory,Murphy,Male,Maryland,20-08-1984
489,Kim,Johnson,Female,Missouri,21-09-1991
490,Jessica,Wells,Female,Virginia,10-04-1995
491,Anthony,Boyd,Male,Illinois,24-03-1968
492,Sean,Williams,Male,Pennsylvania,10-03-1999
493,Gina,Knight,Male,New Jersey,20-05-1980
494,Anthony,Reed,Female,California,22-05-1987
495,Samantha,Smith,Male,Maryland,23-05-1974
496,Suzanne,Lee,Male,Texas,01-05-1986
497,Jennifer,Rodriguez,Male,Maryland,16-01-1969
498,Christian,Fernandez,Male,Pennsylvania,13-08-1974
499,Chad,Williams,Male,Virginia,15-06-1988
500,Michael,Hebert,Male,Virginia,02-10-1999
501,Anthony,Kirk,Male,Michigan,28-04-1953
502,Michael,Landry,Female,Michigan,20-06-1959
503,Alejandro,Edwards,Female,New Jersey,25-04-1985
504,Terri,Whitehead,Male,Tennessee,17-10-1974
505,Lori,Joyce,Male,Washington,16-01-1980
506,Chad,Hubbard,Male,Wisconsin,07-09-1968
507,Patricia,Hill,Male,Arizona,26-07-1982
508,Jared,Lambert,Female,Illinois,09-07-1956
509,Jamie,Larson,Male,California,14-05-1992
510,Emily,Powell,Female,Pennsylvania,14-09-2005
511,Shawna,Torres,Female,Maryland,19-12-1955
512,David,Brown,Female,Texas,15-11-1980
513,Adrian,Martinez,Male,Massachusetts,29-07-1959
514,Mike,Anderson,Male,Pennsylvania,21-02-1971
515,Angel,Castillo,Male,New Jersey,04-11-1966
516,Cassidy,May,Female,California,30-07-2002
517,Michele,Gallagher,Female,Tennessee,14-06-1975
518,Jacob,Williams,Female,North Carolina,13-05-1965
519,Daniel,Colon,Female,Wisconsin,28-11-1960
520,Maxwell,Williams,Female,Ohio,08-07-1965
521,Susan,Peters,Female,Florida,03-10-2000
522,David,Manning,Male,Missouri,29-12-1977
523,Tammy,Welch,Male,Arizona,19-02-1955
524,Michael,Herring,Male,North Carolina,12-02-1969
525,Thomas,Cooper,Female,Illinois,09-03-1956
526,Kelly,Willis,Male,Indiana,06-10-1953
527,Sharon,Miller,Female,Illinois,03-04-1979
528,Susan,Castro,Male,Florida,03-08-1989
529,Cynthia,Li,Male,Illinois,09-07-1953
530,Jack,Harris,Male,Maryland,13-01-1962
531,Victoria,Green,Female,New York,20-02-1961
532,Curtis,Graves,Male,Indiana,11-05-1994
533,Beverly,King,Male,Missouri,11-06-1994
534,Eric,Green,Male,Wisconsin,12-10-1966
535,Rachael,Walls,Female,Washington,06-10-1958
536,Sonya,Lutz,Female,Arizona,23-08-2003
537,Linda,Moore,Female,North Carolina,05-12-1984
538,Leslie,Mccullough,Male,Michigan,31-08-1966
539,John,Tran,Male,Michigan,25-04-1953
540,Kari,Johnson,Male,California,12-08-1988
541,Kelly,Richards,Female,Arizona,01-07-1995
542,Robert,May,Male,North Carolina,19-06-1981
543,Brandon,Johnson,Male,North Carolina,03-10-1957
544,David,Todd,Male,Missouri,01-10-1989
545,Andrew,Meyers,Female,Indiana,07-04-1965
546,Christian,Jones,Female,Missouri,26-02-1969
547,Charles,Wong,Female,New Jersey,27-08-1968
548,Robert,Bryant,Male,New Jersey,25-06-1981
549,Andrea,Allen,Female,Ohio,15-03-1979
550,Joyce,Ellis,Female,Arizona,07-07-1985
551,Douglas,Moore,Female,Pennsylvania,28-03-1953
552,Robert,Cook,Male,California,14-11-1982
553,Dana,Rios,Male,Indiana,06-07-1967
554,Christopher,Alvarez,Female,Pennsylvania,26-02-1979
555,Sean,Peters,Female,Maryland,17-04-2005
556,Mike,Stephens,Male,Washington,06-01-1956
557,Stacy,Hoover,Female,Virginia,11-02-1995
558,Brian,Cooper,Female,Massachusetts,16-07-1971
559,Ricky,Hess,Male,Texas,26-02-1955
560,Robert,Miller,Female,Missouri,14-11-1992
561,Jessica,Patterson,Female,Arizona,30-10-1976
562,Malik,Gomez,Female,Wisconsin,09-02-2001
563,James,Hayes,Male,Georgia,21-03-1978
564,Kelly,Bass,Female,California,02-03-1976
565,Thomas,Hunt,Female,Virginia,18-04-1999
566,Stephanie,Archer,Female,Indiana,07-02-1984
567,Laura,Hensley,Male,Illinois,24-10-1996
568,Joshua,Wilson,Male,Ohio,10-05-1962
569,Angela,Stewart,Male,Virginia,06-10-1993
570,Haley,Johnson,Female,Tennessee,24-05-1988
571,Laura,Gross,Male,California,23-06-1959
572,Sean,Smith,Male,Georgia,05-05-1970
573,Raymond,Blackwell,Female,Maryland,28-03-1960
574,Katrina,Lee,Female,Georgia,09-11-2001
575,Ryan,Gutierrez,Male,North Carolina,03-04-1960
576,John,Brown,Female,Illinois,13-10-1971
577,Shawn,Collins,Female,Arizona,08-11-1954
578,Sharon,Price,Male,Florida,29-04-2000
579,Douglas,Williams,Male,Maryland,13-11-1962
580,Steven,Saunders,Female,Massachusetts,17-06-1995
581,Dana,Dawson,Female,Georgia,02-10-2005
582,Timothy,Howard,Male,Massachusetts,17-01-1998
583,James,Conley,Female,Indiana,17-06-1962
584,Aaron,Jones,Female,New York,30-12-1978
585,Holly,Brown,Male,Ohio,22-04-1967
586,Christine,Kelly,Female,Illinois,20-03-1992
587,Alan,Winters,Male,Massachusetts,16-02-1998
588,Kenneth,Avila,Female,Florida,16-12-1974
589,Kayla,Chambers,Male,Arizona,08-12-1966
590,Cristina,Hart,Female,Washington,15-11-1981
591,Amy,Lara,Female,North Carolina,13-10-1987
592,Eric,Gutierrez,Male,North Carolina,06-04-1987
593,Jasmine,Johnson,Male,Arizona,27-05-1961
594,Thomas,Lang,Female,Virginia,17-04-1991
595,Erika,Lee,Male,Wisconsin,23-05-1960
596,Kathleen,Hughes,Female,New Jersey,18-05-2000
597,Jesse,Howard,Male,Florida,05-07-1985
598,Kathleen,Martinez,Female,Michigan,08-09-1961
599,Joshua,Bell,Female,California,07-11-1987
600,Tracey,Thompson,Male,Tennessee,05-09-1983
